treat1,treat2,spectral_inconsistency_score,normalized_score
A,C,1.2631216497188227,0.39983565400860427
A,B,3.1591020887087797,1.0
A,D,1.053046964712063,0.33333742789631565
B,D,0.6307691539505775,0.19966722702791537
C,D,0.06239085005732527,0.019749551709747466
D,E,0.08061622279775243,0.025518714031398305
