mode,eigenvalue,energy,is_high_freq,energy_fraction
0,2.5520527151417666e-13,3.1389336519778155,False,0.610716841361739
1,315.8794785373103,0.07903438308383146,False,0.015377078379951796
2,475.05040730587365,0.25937475059289894,False,0.05046443983015529
3,1225.1665289678742,1.618969651306057,True,0.3149897835792609
4,1590.5669549521049,0.043440455687344184,True,0.008451856848893005
