treatment,effect,se,ci_lower,ci_upper
A,0.0,0.0,0.0,0.0
B,-1.9112456248863188,0.06883235068894548,-2.0461545532078826,-1.776336696564755
C,-0.5191361518858488,0.09946191570518442,-0.7140779245013691,-0.32419437927032857
D,-0.6156339562108004,0.08699071796521754,-0.7861326304119083,-0.44513528200969255
E,-0.9156339562108002,0.09663847670322981,-1.1050418900699437,-0.7262260223516568
