treat1,treat2,n_methods,n_flagged,ics
A,B,3,2,0.6666666666666666
A,C,3,2,0.6666666666666666
A,D,3,2,0.6666666666666666
B,D,3,2,0.6666666666666666
C,D,3,2,0.6666666666666666
D,E,1,0,0.0
