treatment,effect,se,ci_lower,ci_upper
A,0.0,0.0,0.0,0.0
B,0.20686732066060448,0.16219569779026624,-0.11103040545566017,0.5247650467768692
C,0.6364660759844802,0.07793803291211857,0.48371033845083045,0.78922181351813
D,0.6203290275640475,0.19281363266090162,0.24242125182034446,0.9982368033077506
