treat1,treat2,n_methods,n_flagged,ics
A,B,3,1,0.3333333333333333
A,C,3,1,0.3333333333333333
A,D,3,1,0.3333333333333333
B,C,3,1,0.3333333333333333
B,D,3,1,0.3333333333333333
C,D,3,0,0.0
