treat1,treat2,spectral_inconsistency_score,normalized_score
A,C,0.37895751910098,1.0
A,D,0.09348805395140292,0.246697978636733
C,D,0.09599902443756442,0.25332397326567824
B,C,0.07661654394233246,0.20217713089344086
B,D,0.0010916519805597058,0.002880671118888172
A,B,0.11478430137505147,0.3028949040181602
