mode,eigenvalue,energy,is_high_freq,energy_fraction
0,-1.8650006589073298e-14,0.5448589957669068,False,0.6432884982549899
1,50.257993191108625,0.10152027710061441,False,0.11986005022558763
2,99.88301691615223,0.01037656323058717,False,0.012251103183598745
3,596.39204723629,0.19023427369697274,True,0.22460034833582365
