treatment,E-NMA_effect,E-NMA_se,E-NMA_ci_lo,E-NMA_ci_hi,Std/S-NMA_effect,Std/S-NMA_se,Std/S-NMA_ci_lo,Std/S-NMA_ci_hi
ASPAC,0.004607644619590691,0.030618415792282385,-0.055403347596955206,0.06461863683613658,0.008904703393384937,0.030563647941985572,-0.05099894580906853,0.06880835259583841
AtPA,-0.15351926027001397,0.037858444712700084,-0.22772044841760697,-0.07931807212242098,-0.1601000353681003,0.03775450892218178,-0.23409751310957272,-0.08610255762662787
Ret,-0.10791215505668751,0.05845692615757401,-0.22248562497244997,0.006661314859074952,-0.11215778413126651,0.05842894089901579,-0.22667640394815683,0.0023608356856238133
SK,0.0,0.0,0.0,0.0,0.0,0.0,0.0,0.0
SKtPA,-0.04218585765228583,0.039240914204717925,-0.11909663621395918,0.034724920909387516,-0.0449115080659974,0.03922373221266885,-0.1217886105420719,0.03196559441007712
Ten,-0.14808425368915074,0.07424638961813637,-0.2936045033228266,-0.0025640040554748833,-0.154665028787237,0.07419344633603864,-0.30008151149477796,-0.009248546079696052
UK,-0.19778747941311595,0.2210894259371594,-0.6311147916125841,0.23553983278635218,-0.1996552354290046,0.22108799424068554,-0.6329797415549472,0.23366927069693794
tPA,-0.0062636912262247196,0.02666982177773445,-0.05853558138468624,0.046008198932236795,-0.004660610027077921,0.02666107718946026,-0.05691536110746239,0.04759414105330655
