treatment,effect,se,ci_lower,ci_upper
ASPAC,0.004607644619590691,0.030618415792282385,-0.055403347596955206,0.06461863683613658
AtPA,-0.15351926027001397,0.037858444712700084,-0.22772044841760697,-0.07931807212242098
Ret,-0.10791215505668751,0.05845692615757401,-0.22248562497244997,0.006661314859074952
SK,0.0,0.0,0.0,0.0
SKtPA,-0.04218585765228583,0.039240914204717925,-0.11909663621395918,0.034724920909387516
Ten,-0.14808425368915074,0.07424638961813637,-0.2936045033228266,-0.0025640040554748833
UK,-0.19778747941311595,0.2210894259371594,-0.6311147916125841,0.23553983278635218
tPA,-0.0062636912262247196,0.02666982177773445,-0.05853558138468624,0.046008198932236795
