mode,eigenvalue,energy,is_high_freq,energy_fraction
0,1.000689324320228e-14,0.055652069394435025,False,0.5345356047181393
1,23.43477881853921,0.014918830579985335,False,0.14329469168953063
2,226.02201247308147,0.018686619903956585,False,0.17948413741283584
3,358.9167871172903,0.007211835624284644,False,0.06926935437445375
4,695.490025285081,0.0016398678975162672,False,0.015750856846742427
5,1465.385291355032,0.005082072182518387,False,0.04881307302429518
6,2091.2524190323993,3.892611449443572e-05,True,0.00037388356582282597
7,3545.8735855494333,0.0008827109179910049,True,0.008478398368180137
